{"info":{"_postman_id":"1cb23dee-71d0-4686-b716-14a0b209eb7c","name":"TalOne","schema":"https://schema.getpostman.com/json/collection/v2.1.0/collection.json"},"item":[{"name":"Create Session","id":"c29c70ff-139b-4ab2-9e43-7900f7534608","protocolProfileBehavior":{"disableBodyPruning":true},"request":{"auth":{"type":"bearer","bearer":[{"key":"token","value":"eyJhbGciOiJIUzI1NiIsInR5cCI6IkpXVCJ9.eyJ1c2VybmFtZSI6ImVzYiIsImlhdCI6MTYxNjU4MTcxNywiZXhwIjoxNjE2NjcxNzE3fQ._RgO-Talk1OsbUlh3hRLCSTQHHor4ocJqNNT4yjyQ5s","type":"string"}]},"method":"POST","header":[],"body":{"mode":"raw","raw":"{\r\n    \"identifier\": {\r\n        \"salesChannelCode\": \"Call\",\r\n        \"agentCode\": \"D085\",\r\n        \"campaignCode\": \"default\",\r\n        \"agentUser\": \"kashikar\",\r\n        \"partnerCode\": \"NX\"\r\n    },\r\n    \"discountCode\": \"\",\r\n    \"discountCodes\": [],\r\n    \"sessionIdentifier\": \"12\",\r\n    \"NXaccountId\": \"021b15de-44c0-4801-ab59-3755888b0f8a\",\r\n    \"coachcards\": [\r\n        {\r\n            \"type\": \"numberOfSeniorCoachcard\",\r\n            \"numberOfPeople\": 0\r\n        },\r\n        {\r\n            \"type\": \"numberOfYouthCoachcard\",\r\n            \"numberOfPeople\": 0\r\n        },\r\n        {\r\n            \"type\": \"numberOfFamilyCoachcard\",\r\n            \"numberOfPeople\": 0\r\n        },\r\n        {\r\n            \"type\": \"numberOfDisabledCoachcard\",\r\n            \"numberOfPeople\": 0\r\n        }\r\n    ],\r\n    \"bookingFee\": {\r\n        \"SKU\": \"B02B002\",\r\n        \"fee\": 250,\r\n        \"categoryCode\": \"B\",\r\n        \"productClass\": \"BOOKINGFEE\",\r\n        \"title\": \"Booking Fee\"\r\n    },\r\n    \"distributionFee\": {\r\n        \"SKU\": \"H42H242\",\r\n        \"fee\": 0,\r\n        \"categoryCode\": \"F\",\r\n        \"productClass\": \"ETICKET\",\r\n        \"title\": \"e-Ticket\"\r\n    },\r\n    \"distributionType\": \"\",\r\n    \"fareFee\": {\r\n        \"SKU\": \"H01H001\",\r\n        \"fee\": 3200,\r\n        \"categoryCode\": \"CFL\",\r\n        \"productClass\": \"FARE\",\r\n        \"title\": \"Fully flexible fare - amendable and refundable\"\r\n    },\r\n    \"additionalProducts\": [\r\n        {\r\n            \"SKU\": \"H05H036\",\r\n            \"unitPrice\": 800,\r\n            \"quantity\": 1,\r\n            \"totalPrice\": 800,\r\n            \"description\": \"Standard Outbound Seat Reservation\",\r\n            \"categoryCode\": \"CFL\",\r\n            \"productClass\": \"FARE\",\r\n            \"title\": \"Standard Outbound Seat Reservation\"\r\n        }\r\n    ],\r\n  \r\n    \"payment\": {\r\n        \"paymentValue\": 4250\r\n    },\r\n    \"fromLocation\": \"57366\",\r\n    \"toLocation\": \"21131\",\r\n    \"fromLocationIsAirport\": false,\r\n    \"toLocationIsAirport\": false,\r\n    \"brandList\": \"NX\",\r\n    \"superBrandList\": [],\r\n    \"paxTypeList\": [\r\n        \"TODO\"\r\n    ],\r\n    \"totalPax\": 1,\r\n    \"journeyType\": \"SINGLE\",\r\n    \"numberOfAdultPax\": 1,\r\n    \"numberOfChildPax\": 0,\r\n    \"numberOfInfantPax\": 0,\r\n    \"numberOfDisabledPax\": 0,\r\n    \"numberOfSeniorPax\": 0,\r\n    \"outboundDepartureTime\": \"2021-04-17T10:00:00Z\",\r\n    \"serviceNumberList\": \"NX540\",\r\n    \"sessionStatus\": \"open\"\r\n}","options":{"raw":{"language":"json"}}},"url":{"raw":"http://{{server_ms}}/userApi/user/status","protocol":"http","host":["{{server_ms}}"],"path":["userApi","user","status"]}},"response":[]}]}