{"info":{"_postman_id":"1f9e27ca-f0ae-4b8d-885a-a9357f78920c","name":"siggen","schema":"https://schema.getpostman.com/json/collection/v2.1.0/collection.json"},"item":[{"name":"generate-signature","id":"2926af48-0c09-4f8a-a10d-22a537abf8ee","protocolProfileBehavior":{"disableBodyPruning":true},"request":{"auth":{"type":"basic","basic":[{"key":"username","value":"Administrator","type":"string"},{"key":"password","value":"manage","type":"string"}]},"method":"POST","header":[{"key":"Content-Type","name":"Content-Type","value":"application/json","type":"text"}],"body":{"mode":"raw","raw":"{\n\t\"channelIdentifier\": {\n\t\t\"salesChannelCode\": \"Call\",\n\t\t\"agentCode\": \"D085\",\n\t\t\"campaignCode\": \"default\",\n\t\t\"agentUser\": \"kashikar\",\n\t\t\"partnerCode\": \"NX\"\n\t},\n\t\"travelTransaction\": null,\n\t\"paymentCompleteURL\": null,\n\t\"paymentDeclinedURL\": null,\n\t\"transactionType\": \"PURCHASE\",\n\t\"sessionDetails\": {\n\t\t\"shopperLocale\": null,\n\t\t\"senderUrl\": \"http://localhost:8313/barclayapi/payment/process-response/54493c0e-7104-4e36-90aa-0f44b952c7b0\",\n\t\t\"key\": \"54493c0e-7104-4e36-90aa-0f44b952c7b0\",\n\t\t\"sessionTimestampPlus10\": \"2020-11-25T04:50:24.005Z\",\n\t\t\"merchantRef\": \"U4000026Call1606279224005\"\n\t},\n\t\"ticket\": {\n\t\t\"ticketNumber\": \"U4000026\",\n\t\t\"noPax\": 1,\n\t\t\"noLegs\": 2,\n\t\t\"paxProfile\": [\n\t\t\t{\n\t\t\t\t\"paxType\": \"AD\",\n\t\t\t\t\"noPax\": 1\n\t\t\t}\n\t\t],\n\t\t\"fareType\": \"CFL\",\n\t\t\"tickType\": \"S\",\n\t\t\"totalValue\": 4950,\n\t\t\"amendmentFeesInPence\": null,\n\t\t\"timestamp\": null\n\t},\n\t\"extras\": [\n\t\t{\n\t\t\t\"sku\": \"H01H001\",\n\t\t\t\"description\": null,\n\t\t\t\"categoryCode\": null,\n\t\t\t\"quantity\": 1,\n\t\t\t\"unitPrice\": 4950,\n\t\t\t\"price\": 49.5\n\t\t},\n\t\t{\n\t\t\t\"sku\": \"H42H242\",\n\t\t\t\"description\": null,\n\t\t\t\"categoryCode\": null,\n\t\t\t\"quantity\": 1,\n\t\t\t\"unitPrice\": 0,\n\t\t\t\"price\": 0.0\n\t\t}\n\t],\n\t\"inboundSeatReservations\": false,\n\t\"outboundSeatReservations\": false,\n\t\"excessFare\": null,\n\t\"yourDetails\": {\n\t\t\"forename\": \"Bhavesh\",\n\t\t\"surname\": \"Kashikar\",\n\t\t\"deliveryAddress\": {\n\t\t\t\"addressLine1\": \"Century M Ltd\",\n\t\t\t\"addressLine2\": \"Unit B206\",\n\t\t\t\"city\": \"BIRMINGHAM\",\n\t\t\t\"postcode\": \"B54TD\",\n\t\t\t\"addressLine3\": \"Arcadian Centre\",\n\t\t\t\"country\": \"United Kingdom\",\n\t\t\t\"addressLine4\": null,\n\t\t\t\"town\": null,\n\t\t\t\"countryCode\": null\n\t\t},\n\t\t\"mobile\": \"44\",\n\t\t\"email\": \"bhavesh.kashikar@nationalexpress.com\",\n\t\t\"billingAddress\": {\n\t\t\t\"addressLine1\": \"Century M Ltd\",\n\t\t\t\"addressLine2\": \"Unit B206\",\n\t\t\t\"city\": \"BIRMINGHAM\",\n\t\t\t\"postcode\": \"B54TD\",\n\t\t\t\"addressLine3\": \"Arcadian Centre\",\n\t\t\t\"country\": \"United Kingdom\",\n\t\t\t\"addressLine4\": null,\n\t\t\t\"town\": null,\n\t\t\t\"countryCode\": null\n\t\t}\n\t},\n\t\"hmac\": null,\n\t\"seatResAncillaries\": {\n\t\t\"outboundType\": null,\n\t\t\"inboundType\": null,\n\t\t\"inboundSeatres\": [],\n\t\t\"outboundSeatres\": []\n\t}\n}"},"url":{"raw":"http://10.251.116.245/siggen/generate-signature","protocol":"http","host":["10","251","116","245"],"path":["siggen","generate-signature"]}},"response":[]},{"name":"validate","id":"d01694d9-6d9c-4b7c-8a99-d19cf5a305ca","protocolProfileBehavior":{"disableBodyPruning":true},"request":{"auth":{"type":"basic","basic":[{"key":"username","value":"Administrator","type":"string"},{"key":"password","value":"manage","type":"string"}]},"method":"POST","header":[{"key":"Content-Type","name":"Content-Type","value":"application/json","type":"text"}],"body":{"mode":"raw","raw":"{\n    \"validate\": {\n       \"channelIdentifier\": {\n        \"salesChannelCode\": \"NXHQ\",\n        \"agentCode\": \"D085\",\n        \"campaignCode\": \"default\",\n        \"agentUser\": \"sys\",\n        \"partnerCode\": \"NX\"\n    },\n    \n    \"sessionDetails\": {\n        \"shopperLocale\": null,\n        \"senderUrl\": \"https://dt2.nationalexpress.com/barclayapi/payment/process-response/64f9ebce-4587-4e47-95c9-0ebe997fc03a\",\n        \"key\": \"64f9ebce-4587-4e47-95c9-0ebe997fc03a\",\n        \"sessionTimestampPlus10\": \"2020-03-08T14:18:44.803Z\",\n        \"merchantRef\": \"E2JD4077Call1583676524754\"\n    },\n    \"ticket\": {\n        \"ticketNumber\": \"E2JD4077\",\n        \"noPax\": 1,\n        \"noLegs\": 2,\n        \"paxProfile\": [\n            {\n                \"paxType\": \"AD\",\n                \"noPax\": 1\n            }\n        ],\n        \"fareType\": \"CST\",\n        \"tickType\": \"O\",\n        \"totalValue\": 9700,\n        \"amendmentFeesInPence\": null,\n        \"timestamp\": \"2020-03-08 08:26:46\"\n    },\n    \"extras\": [\n        {\n            \"sku\": \"H01H001\",\n            \"description\": null,\n            \"categoryCode\": null,\n            \"quantity\": 1,\n            \"unitPrice\": 1200,\n            \"price\": 12\n        },\n        {\n            \"sku\": \"B06B005\",\n            \"description\": null,\n            \"categoryCode\": null,\n            \"quantity\": 1,\n            \"unitPrice\": 6000,\n            \"price\": 60\n        },\n        {\n            \"sku\": \"H43H001\",\n            \"description\": null,\n            \"categoryCode\": null,\n            \"quantity\": 1,\n            \"unitPrice\": 2500,\n            \"price\": 25\n        }\n    ],\n    \"inboundSeatReservations\": false,\n    \"outboundSeatReservations\": false,\n    \"excessFare\": {\n        \"excessValueInPence\": 0,\n        \"fareRequestID\": \"ef29efeb-c9c1-4cc8-b789-eb18536a4b43\",\n        \"amendmentFee\": 0\n    },\n    \"yourDetails\": {\n        \"forename\": \"Bhavesh\",\n        \"surname\": \"Kashikar\",\n         \"deliveryAddress\": {\n            \"addressLine1\": \"FLAT 12\",\n            \"addressLine2\": \"1 ACACIA ROAD\",\n            \"city\": \"BIRMINGHAM\",\n            \"postcode\": \"B30 2AR\",\n            \"addressLine3\": \"\",\n            \"country\": \"United Kingdom\",\n            \"addressLine4\": null,\n            \"town\": null,\n            \"countryCode\": null\n        },\n        \"mobile\": \"\",\n        \"email\": \"bhavesh.kashikar@nationalexpress.com\",\n        \"billingAddress\": {\n            \"addressLine1\": \"Vanguard Supermarket\",\n            \"addressLine2\": \"Hurst Street\",\n            \"city\": null,\n            \"postcode\": null,\n            \"addressLine3\": \"\",\n            \"country\": \"United Kingdom\",\n            \"addressLine4\": null,\n            \"town\": null,\n            \"countryCode\": null\n        }\n    }\n    },\n    \"valid\": {\n        \"key\": \"\",\n        \"authResult\": \"\",\n       \n        \"merchantSig\": \"vE5u1uiQR9pMYjLmFO+sdY2sfIo/1p+vpitr+WvDkRs=\",\n        \"paymentMethod\": \"visa\",\n        \"pspReference\": \"\",\n        \"shopperLocale\": \"\",\n        \"skinCode\": \"\",\n        \n        \"merchantReference\": \"\"\n        \n    }\n}"},"url":{"raw":"http://localhost:5555/restv2/retail/payment/validate-signature","protocol":"http","host":["localhost"],"port":"5555","path":["restv2","retail","payment","validate-signature"]}},"response":[]}]}