{"info":{"_postman_id":"2e434575-69ca-4042-88fc-f2f50cc2f8b8","name":"Driver Note","schema":"https://schema.getpostman.com/json/collection/v2.1.0/collection.json"},"item":[{"name":"Drivers Note","id":"14a4367e-5fe9-4aef-a98b-9127c0b6034a","protocolProfileBehavior":{"disableBodyPruning":true},"request":{"auth":{"type":"basic","basic":[{"key":"password","value":"{{ESB_PASSWORD}}","type":"string"},{"key":"username","value":"{{ESB_USER}}","type":"string"}]},"method":"POST","header":[],"body":{"mode":"raw","raw":"{\n    \"agentID\": \"D085\",\n    \"serviceNumber\": \"444\",\n    \"serviceDirection\": \"I\",\n    \"flightCode\": \"UD\",\n    \"departureDateTime\": \"2020-10-02T01:15:00+01:00\"\n}","options":{"raw":{"language":"json"}}},"url":{"raw":"http://{{esb}}/restv2/retail/note/driver/get","protocol":"http","host":["{{esb}}"],"path":["restv2","retail","note","driver","get"]}},"response":[]},{"name":"Driver Note get","id":"17e92bf6-fbd8-4e5e-96ad-862a8404f1b8","protocolProfileBehavior":{"disableBodyPruning":true},"request":{"method":"POST","header":[],"body":{"mode":"raw","raw":"{\r\n    \"agentCode\": \"D085\",\r\n    \"transType\": \"V\",\r\n    \"servNr\": \"550\",\r\n    \"servDir\": \"I\",\r\n    \"fltCode\": \"ZC\",\r\n    \"dateTime\": \"2020-09-25T10:30:00\"\r\n}","options":{"raw":{"language":"json"}}},"url":{"raw":"http://10.251.114.73:9230/extra/driversnotes/","protocol":"http","host":["10","251","114","73"],"port":"9230","path":["extra","driversnotes",""]}},"response":[]}]}