{"info":{"_postman_id":"363b14a4-ac6e-4a18-94fc-e64b9d01dadb","name":"Paypal Refund","schema":"https://schema.getpostman.com/json/collection/v2.1.0/collection.json"},"item":[{"name":"Process Refund","id":"634a4883-67ed-48a5-9757-c424509275d0","protocolProfileBehavior":{"disableBodyPruning":true},"request":{"method":"GET","header":[],"url":{"raw":""}},"response":[]},{"name":"Process Refund","id":"1b6a8bd1-d973-475e-880b-b7a9fbc0056a","protocolProfileBehavior":{"disableBodyPruning":true},"request":{"auth":{"type":"basic","basic":[{"key":"username","value":"Administrator","type":"string"},{"key":"password","value":"manage","type":"string"}]},"method":"POST","header":[],"body":{"mode":"raw","raw":"{ \"transactionReference\": \"36K2736481407880G\",\n        \"amount\": 1140,\n        \"currency\": \"GBP\" }","options":{"raw":{"language":"json"}}},"url":{"raw":"http://{{server_ms}}/paypalRefund/process","protocol":"http","host":["{{server_ms}}"],"path":["paypalRefund","process"]}},"response":[]}]}