{"info":{"_postman_id":"3cfa2af0-d0ca-41f4-b50b-98f14fb52654","name":"barclay refund api","schema":"https://schema.getpostman.com/json/collection/v2.1.0/collection.json"},"item":[{"name":"Process Refund","id":"4e817d89-d7f5-4bc6-90e4-d4195a8631ef","protocolProfileBehavior":{"disableBodyPruning":true},"request":{"auth":{"type":"basic","basic":[{"key":"username","value":"Administrator","type":"string"},{"key":"password","value":"manage","type":"string"}]},"method":"POST","header":[],"body":{"mode":"raw","raw":"{\n    \"merchantAccount\": \"NationalExpressCOM\",\n    \"pspReference\": \"8815970382081043\",\n    \"transactionReference\": \"U2000136Call15851397\",\n    \"amount\": 10000000,\n    \"currency\": \"EUR\"\n}","options":{"raw":{"language":"json"}}},"url":{"raw":"http://{{server_ms}}/barclayRefund/process","protocol":"http","host":["{{server_ms}}"],"path":["barclayRefund","process"]}},"response":[]},{"name":"Process Refund Copy","id":"8f145994-87d5-4b3a-89f7-03763cdfa121","protocolProfileBehavior":{"disableBodyPruning":true},"request":{"auth":{"type":"basic","basic":[{"key":"username","value":"Administrator","type":"string"},{"key":"password","value":"manage","type":"string"}]},"method":"POST","header":[],"body":{"mode":"raw","raw":"{\n    \"merchantAccount\": \"NationalExpressMOTO\",\n    \"pspReference\": \"8515868478488416\",\n    \"transactionReference\": \"U20003022020414P92785849\",\n    \"amount\": 2000,\n    \"currency\": \"GBP\"\n}","options":{"raw":{"language":"json"}}},"url":{"raw":"http://dc1restsapp02v/barclayRefund/process","protocol":"http","host":["dc1restsapp02v"],"path":["barclayRefund","process"]}},"response":[]}]}