{"info":{"_postman_id":"48785320-aaf9-4e41-a2e9-09ff742937cf","name":"Auth","schema":"https://schema.getpostman.com/json/collection/v2.1.0/collection.json"},"item":[{"name":"http://localhost:5555/invoke/AuthTest_OAuth2.token/getTokenNeverExpire","id":"72762620-c070-4e24-9e22-87b643ea84f5","protocolProfileBehavior":{"disableBodyPruning":true},"request":{"auth":{"type":"basic","basic":[{"key":"password","value":"manage","type":"string"},{"key":"username","value":"Administrator","type":"string"}]},"method":"GET","header":[],"url":{"raw":"http://localhost:5555/invoke/AuthTest_OAuth2.token/getTokenNeverExpire","protocol":"http","host":["localhost"],"port":"5555","path":["invoke","AuthTest_OAuth2.token","getTokenNeverExpire"]}},"response":[]}]}