{"info":{"_postman_id":"5237aed2-9f37-4ad1-9f58-2d10a68de628","name":"CCV","schema":"https://schema.getpostman.com/json/collection/v2.1.0/collection.json"},"item":[{"name":"JourneySearch web service","item":[{"name":"TMS extra search","item":[{"name":"ExtraSearch","id":"85cde86c-5561-4a15-b932-8967f9b8648e","protocolProfileBehavior":{"disableBodyPruning":true},"request":{"method":"GET","header":[],"url":{"raw":""}},"response":[]}],"id":"41223936-2aef-4d30-8ec5-07df7e12d6cc"},{"name":"Journey search","id":"b1333f84-6ccb-4da8-89b8-3a73fb90ec7c","protocolProfileBehavior":{"disableBodyPruning":true},"request":{"method":"GET","header":[],"url":{"raw":""}},"response":[]}],"id":"cdc093b5-d1af-4e1a-8328-3dd3f455c8f2"},{"name":"CCV","id":"623353b3-497e-4d70-ba67-96e7eeadae31","protocolProfileBehavior":{"disableBodyPruning":true},"request":{"method":"GET","header":[],"url":{"raw":""}},"response":[]},{"name":"validate Caochcard","id":"232e8b33-e5b7-453c-9e0a-a627fc9ad42c","protocolProfileBehavior":{"disableBodyPruning":true},"request":{"method":"POST","header":[],"body":{"mode":"raw","raw":"{\r\n    \"TransactionDetails\": {\r\n        \"Agent\": \"D085 \",\r\n        \"TotalFare\": \"46.6\",\r\n        \"AgentUser\": \"sys\",\r\n        \"TransactionDate\": \"2020-07-17T12:59:34\"\r\n    },\r\n    \"JourneyDetails\": {\r\n        \"FromLocation\": \"57366\",\r\n        \"ToLocation\": \"21131\",\r\n        \"OutwardTravelDate\": \"2020-07-20T08:30:00\"\r\n    },\r\n    \"Coachcards\": {\r\n        \"Coachcard\": {\r\n            \"CoachcardSerial\": \"1C496844\",\r\n            \"PassengerType\": \"CF\",\r\n            \"ExpiryDate\": \"2021-07-17T00:00:00\"\r\n        }\r\n    }\r\n}","options":{"raw":{"language":"json"}}},"url":{"raw":"http://localhost:3034/reference/coachcard/validate","protocol":"http","host":["localhost"],"port":"3034","path":["reference","coachcard","validate"]}},"response":[]}]}