{"info":{"_postman_id":"59fc5ad4-6dfa-4288-8350-6b1c830e2646","name":"Payment","schema":"https://schema.getpostman.com/json/collection/v2.1.0/collection.json"},"item":[{"name":"Gen Signature","id":"bcd58505-0d62-4a92-a93c-3fb51a7d1797","protocolProfileBehavior":{"disableBodyPruning":true},"request":{"method":"POST","header":[{"key":"Content-Type","name":"Content-Type","value":"application/json","type":"text"}],"body":{"mode":"raw","raw":"{\n    \"basketDTO\": {\n        \"amendmentFee\": 0,\n        \"excessFee\": 2040,\n        \"extrasTotal\": 0,\n        \"total\": 2040\n    },\n    \"timestamp\": \"2020-02-07 08:01:59\",\n    \"ticketDetails\": {\n        \"ticketNumber\": \"E3A96696\",\n        \"noPax\": \"1\",\n        \"noLegs\": \"1\",\n        \"paxProfile\": [\n            {\n                \"paxType\": \"AD\",\n                \"noPax\": 1\n            }\n        ],\n        \"fareType\": \"CST\",\n        \"tickType\": \"S\",\n        \"totalValue\": 2040,\n        \"amendmentFeesInPence\": 0\n    },\n    \"journeyRequestDTO\": {\n        \"fromLocationCode\": \"33023\",\n        \"toLocationCode\": \"57366\",\n        \"dateTime\": \"20200214120000\",\n        \"departArrivalIndicator\": \"sad\",\n        \"direction\": \"O\",\n        \"minJourneys\": \"1\",\n        \"includeUnavailableJourneys\": false,\n        \"farecode\": \"CST\",\n        \"journeySideFare\": \"14.7000\",\n        \"excessFarePayable\": true,\n        \"journeyType\": \"S\",\n        \"inbound\": true,\n        \"passengerSummary\": {\n            \"domesticAdults\": \"1\",\n            \"domesticSeniors\": \"0\",\n            \"domesticDisabled\": \"0\",\n            \"domesticChildren\": \"0\",\n            \"domesticInfants\": \"0\"\n        }\n    },\n    \"userDetailsDTO\": {\n        \"forename\": \"Bhavesh\",\n        \"surname\": \"Kashikar\",\n        \"mobile\": \"\",\n        \"email\": \"bhavesh.kashikar@nationalexpress.com\",\n        \"deliveryAddress\": {\n            \"addressLine1\": \"55 HURST STREET\",\n            \"addressLine2\": \"\",\n            \"addressLine3\": \"\",\n            \"addressLine4\": \"Unknown\",\n            \"city\": \"BIRMINGHAM\",\n            \"town\": \"BIRMINGHAM\",\n            \"postcode\": \"B5 4TE  \",\n            \"country\": \"Austria\",\n            \"countryCode\": null\n        },\n        \"billingAddress\": {\n            \"addressLine1\": \"55 HURST STREET\",\n            \"addressLine2\": \"\",\n            \"addressLine3\": \"\",\n            \"addressLine4\": \"Unknown\",\n            \"city\": \"BIRMINGHAM\",\n            \"town\": \"BIRMINGHAM\",\n            \"postcode\": \"B5 4TE  \",\n            \"country\": \"Austria\",\n            \"countryCode\": null\n        }\n    },\n    \"extrasDTO\": [],\n    \"outboundSeatReservations\": [],\n    \"inboundSeatReservations\": [],\n    \"key\": \"b7a06bc5-4642-497c-b1c2-9f4537380e85\",\n    \"branchName\": \"\",\n    \"standAloneFlag\": false\n}"},"url":{"raw":"https://stable.nationalexpress.com/myaccountapi/payment/generate-signature","protocol":"https","host":["stable","nationalexpress","com"],"path":["myaccountapi","payment","generate-signature"]}},"response":[]}]}