{"info":{"_postman_id":"6d620803-a3cd-4046-ac62-1d63beec6985","name":"PS","schema":"https://schema.getpostman.com/json/collection/v2.1.0/collection.json"},"item":[{"name":"Pluralsight","id":"bfd8ba37-e5c0-4c58-9e0f-c2af2ef23b38","protocolProfileBehavior":{"disableBodyPruning":true},"request":{"method":"POST","header":[{"key":"Content-Type","name":"Content-Type","value":"application/json","type":"text"},{"key":"Cookie","value":"__cfduid=d289de29abd4d2c47627447667efb0c691551249078; _psga=GA1.2.243131766.1551249083; ajs_group_id=null; NPS_a97f541b_last_seen=1551249602504; ps-abandon-cart=IND-M-PLUS-FT; ps_optout=0; prism-cookienotify=1556695258635; _sdsat_v77 - SKUs & Slices=INDIVIDUAL-MS; _ga=GA1.2.17851327.1557384308; ps_trk=1; __cfruid=038199d8a306b01df7830ee3cd743d4f63bd063e-1557899500; check=true; AMCVS_70D658CC558978FF7F000101%40AdobeOrg=1; mboxEdgeCluster=22; s_cc=true; experimentCookie=prism-next-mvt|unassigned,learner-test-2|variation1,learner-test-1|variation1,learner-test-3|control; _psga_gid=GA1.2.395795955.1557900496; IR_gbd=pluralsight.com; ajs_user_id=%22803489c4-96f7-415b-90df-96bcb0e39de3%22; ajs_anonymous_id=%2239df1560-8c9d-4c97-9d88-d22d7bc1b15d%22; _sdsat_v03 - Global - User ID=803489c4-96f7-415b-90df-96bcb0e39de3; profileScores=0|0|0|0|0|0|0|2; gpv_pn=https%3A%2F%2Fwww.pluralsight.com%2Fproduct%2Fprofessional-services%2Fwhite-paper%2Fapi; gpv_ev16=https%3A%2F%2Fwww.pluralsight.com%2F; IR_7490=1557904217440%7Cc-9961%7C1557903083600; IR_PI=5b0de89b-4af2-11e9-87b1-0abbe301118c%7C1557990617440; ei_client_id=5cdbbb5abea77e000f6e7c67; AMCV_70D658CC558978FF7F000101%40AdobeOrg=-715282455%7CMCIDTS%7C18032%7CMCMID%7C55709135047278880681317789335447925131%7CMCAAMLH-1558509550%7C3%7CMCAAMB-1558509550%7CRKhpRz8krg2tLO6pguXWp5olkAcUniQYPHaMWWgdJ3xzPWQmdj0y%7CMCOPTOUT-1557911950s%7CNONE%7CMCAID%7CNONE%7CvVersion%7C4.2.0; PsJwt-production=eyJ0eXAiOiJKV1QiLCJhbGciOiJIUzI1NiJ9.eyJoYW5kbGUiOiI4MDM0ODljNC05NmY3LTQxNWItOTBkZi05NmJjYjBlMzlkZTMiLCJpYXQiOjE1NTc5MDQ3NTYsImV4cCI6MTU1ODUwOTU1Nn0.nIoOSoKRFBjaIf_OuohPxfvrJMpRrt5__OdII9pZ_0M; www-status-production=1; __RequestVerificationToken_L2lk0=Wj5uIFFIhaWkY-z-cPxKtOPY1ACX5Ov6iHE5U2iMwOzJ_fDxU7jdrk8cxsqZUmoWq6BDe6p7pdFIwWZCQ14E9Nnnm5M1; __cf_bm=496fc709ae57ee467abf33a015687cfc2c404060-1557904777-1800-AWjEkYs1MC6KGYjBhsJCYKdSVQ3KZ0nVZA91PRzBylESgMKMs4SG3rD89srbmS7b+edhNKIkxwfYoAgulWML2qw=; QSI_HistorySession=https%3A%2F%2Fapp.pluralsight.com%2Fid%3F~1557903679286%7Chttps%3A%2F%2Fapp.pluralsight.com%2Fid%2Faccount~1557904779958%7Chttps%3A%2F%2Fapp.pluralsight.com%2Fid%2Fdevices~1557904786412%7Chttps%3A%2F%2Fapp.pluralsight.com%2Fid%2Faccountsettings~1557904812926; _gid=GA1.2.2043093175.1557904863; s_sq=%5B%5BB%5D%5D; mbox=PC#ea4852a87e1b4900aa27159c061f456b.22_22#1621149699|session#129c75cb7e4c46e288bc7ed2f31bb2cb#1557906038; dyn_previousPage=https://app.pluralsight.com/player","type":"text"}],"body":{"mode":"raw","raw":"{\"query\":\" query viewClip { viewClip(input: { author: \\\"jim-cooper\\\",  clipIndex: 1,  courseName: \\\"angular-fundamentals\\\",  includeCaptions: false,  locale: \\\"en\\\",  mediaType: \\\"mp4\\\",  moduleName: \\\"angular-fundamentals-m5\\\",  quality: \\\"1280x720\\\" }) { urls { url cdn rank source  }, status } } \",\"variables\":{}}"},"url":{"raw":"https://app.pluralsight.com/player/api/graphql","protocol":"https","host":["app","pluralsight","com"],"path":["player","api","graphql"]}},"response":[]}]}