{"info":{"_postman_id":"8e50f491-6453-4023-9193-da65cbcec4f9","name":"AKB","schema":"https://schema.getpostman.com/json/collection/v2.1.0/collection.json"},"item":[{"name":"GET FUNC","id":"6e4e6911-627f-4255-9d58-737a2e4fb68c","protocolProfileBehavior":{"disableBodyPruning":true},"request":{"method":"POST","header":[{"key":"Content-Type","name":"Content-Type","value":"application/x-www-form-urlencoded","type":"text"}],"body":{"mode":"file","file":{}},"url":{"raw":"http://localhost:7071/api/UploadPhoto","protocol":"http","host":["localhost"],"port":"7071","path":["api","UploadPhoto"]}},"response":[]},{"name":"POST User","id":"0c317ee2-c130-47e3-9299-b6c6fc5a7df5","protocolProfileBehavior":{"disableBodyPruning":true},"request":{"method":"POST","header":[{"key":"Content-Type","name":"Content-Type","value":"application/json","type":"text"},{"key":"PartitionKey","value":"PMC","type":"text"}],"body":{"mode":"raw","raw":"{\n\t\"FirstName\" : \"Hemraj\",\n\t\"MiddleName\" : \"A\",\n\t\"LastName\" : \"Gharia\",\n\t\"Email\" : \"ghariaonline@gmail.com\",\n\t\"Age\" : 33\n}"},"url":{"raw":"http://localhost:7071/api/AddUser","protocol":"http","host":["localhost"],"port":"7071","path":["api","AddUser"]}},"response":[]},{"name":" http://localhost:7071/api/GetUser","id":"23046cbb-9a79-420e-a0df-e95782ddb9b0","protocolProfileBehavior":{"disableBodyPruning":true},"request":{"method":"GET","header":[{"key":"Content-Type","name":"Content-Type","value":"application/json","type":"text"},{"key":"PartitionKey","value":"PMC","type":"text"}],"body":{"mode":"raw","raw":"{\n  \"id\": \"bf6031d5-13dc-49f5-807d-af02a8873090\"\n}"},"url":{"raw":"http://localhost:7071/api/GetUser","protocol":"http","host":["localhost"],"port":"7071","path":["api","GetUser"]}},"response":[]},{"name":"Get All FareOffers","id":"48426586-d7b0-4300-b5c9-dbd3ec54bc03","protocolProfileBehavior":{"disableBodyPruning":true},"request":{"method":"GET","header":[{"key":"Content-Type","name":"Content-Type","type":"text","value":"application/json"},{"key":"PartitionKey","type":"text","value":"PMC"}],"body":{"mode":"raw","raw":"{\n  \"id\": \"bf6031d5-13dc-49f5-807d-af02a8873090\"\n}"},"url":{"raw":"http://localhost:7071/api/GetFareOffers","protocol":"http","host":["localhost"],"port":"7071","path":["api","GetFareOffers"]}},"response":[]},{"name":"Get FareOffer","id":"8cb546c7-0c0d-42c5-9d30-0e1396c3c051","protocolProfileBehavior":{"disableBodyPruning":true},"request":{"method":"GET","header":[{"key":"Content-Type","name":"Content-Type","type":"text","value":"application/json"},{"key":"PartitionKey","type":"text","value":"PMC"}],"url":{"raw":"http://localhost:7071/api/FareOffer/Get/1072b598-a127-4857-acea-755bda209a99","protocol":"http","host":["localhost"],"port":"7071","path":["api","FareOffer","Get","1072b598-a127-4857-acea-755bda209a99"]}},"response":[]},{"name":"Add FareOffer","id":"d5ca5a06-17fa-4844-8c40-f07e44f2d4ba","protocolProfileBehavior":{"disableBodyPruning":true},"request":{"method":"POST","header":[{"key":"Content-Type","name":"Content-Type","type":"text","value":"application/json"},{"key":"PartitionKey","type":"text","value":"PMC"}],"body":{"mode":"raw","raw":"{\n    \"name\": \"JAN_FareOffer_v2\",\n    \"active\": true,\n    \"category\": \"1\",\n    \"type\": \"Single\",\n    \"priority\": \"High\",\n    \"startDate\": \"2019-04-01T00:00:00\",\n    \"endDate\": \"2019-05-01T00:00:00\",\n    \"startTime\": null,\n    \"endTime\": null,\n    \"groupOffer\": false,\n    \"eurolines\": false,\n     \n    \"partitionKey\": \"PMC\",\n    \"createdBy\": \"Bhavesh\",\n    \"createdOn\": \"2019-04-01T00:00:00\",\n    \"updatedBy\": \"Bhavesh\",\n    \"updatedOn\": \"2019-04-01T00:00:00\",\n}"},"url":{"raw":"http://localhost:7071/api/AddFareOffer","protocol":"http","host":["localhost"],"port":"7071","path":["api","AddFareOffer"]}},"response":[]},{"name":"Update","id":"e68251b8-3f7e-4e9c-ad5a-880b3ae647cc","protocolProfileBehavior":{"disableBodyPruning":true},"request":{"method":"POST","header":[{"key":"PartitionKey","type":"text","value":"PMC"},{"key":"Content-Type","name":"Content-Type","type":"text","value":"application/json"}],"body":{"mode":"raw","raw":"{\n    \"name\": \"Test Fare Offers 123\",\n    \"active\": true,\n    \"category\": \"Test\",\n    \"type\": \"Group\",\n    \"priority\": \"Low\",\n    \"startDate\": \"0001-01-01T00:00:00\",\n    \"endDate\": \"0001-01-01T00:00:00\",\n    \"startTime\": null,\n    \"endTime\": null,\n    \"groupOffer\": false,\n    \"eurolines\": false,\n    \"fareOfferJourneyDetail\": null,\n    \"passengerFareDetail\": null,\n    \"fareOfferAppliesTo\": null,\n    \"id\": \"1072b598-a127-4857-acea-755bda209a99\",\n    \"partitionKey\": \"PMC\",\n    \"createdBy\": \"bkashikar@yahoo.co.in\",\n    \"createdOn\": \"2019-04-05T10:54:37.8386445+05:30\",\n    \"updatedBy\": null,\n    \"updatedOn\": \"0001-01-01T00:00:00\"\n}"},"url":{"raw":"http://localhost:7071/api/FareOffer/Update","protocol":"http","host":["localhost"],"port":"7071","path":["api","FareOffer","Update"]}},"response":[]}]}