{"info":{"_postman_id":"921be4ab-63a8-4a53-847d-f76b56754553","name":"TitanMS","schema":"https://schema.getpostman.com/json/collection/v2.1.0/collection.json"},"item":[{"name":"Ticket","id":"c67f090b-9647-421d-96ab-eae8b6082898","protocolProfileBehavior":{"disableBodyPruning":true},"request":{"auth":{"type":"basic","basic":[{"key":"username","value":"Administrator","type":"string"},{"key":"password","value":"manage","type":"string"}]},"method":"GET","header":[{"key":"Content-Type","name":"Content-Type","value":"application/json","type":"text"}],"url":{"raw":"http://{{server_ms}}/titan/ticket/U2001110","protocol":"http","host":["{{server_ms}}"],"path":["titan","ticket","U2001110"]},"description":"DF"},"response":[]},{"name":"Get Ticket Note","id":"7f138c10-d347-46c9-a636-e04cd1aca90a","protocolProfileBehavior":{"disableBodyPruning":true},"request":{"auth":{"type":"basic","basic":[{"key":"username","value":"Administrator","type":"string"},{"key":"password","value":"manage","type":"string"}]},"method":"GET","header":[{"key":"Content-Type","name":"Content-Type","type":"text","value":"application/json"}],"url":{"raw":"http://dc1restsapp02v:8152/titan/ticket/note/E2JD4728","protocol":"http","host":["dc1restsapp02v"],"port":"8152","path":["titan","ticket","note","E2JD4728"]},"description":"DF"},"response":[]},{"name":"Cancel Ticket","id":"5fd9909c-8fa7-455f-bfd8-05506cda148b","protocolProfileBehavior":{"disableBodyPruning":true},"request":{"auth":{"type":"basic","basic":[{"key":"username","value":"administrator","type":"string"},{"key":"password","value":"manage","type":"string"}]},"method":"POST","header":[{"key":"Content-Type","name":"Content-Type","value":"application/json","type":"text"}],"body":{"mode":"raw","raw":"{\n    \"ticketNumber\": \"EUJDV941\",\n    \"agentCode\": \"D085\",\n    \"agentUserID\": \"102793\",\n    \"salesChannelCode\": \"Call\", \n    \"cancellationType\": \"C\"\n}","options":{"raw":{"language":"json"}}},"url":{"raw":"http://{{server_ms}}/titan/ticket/cancel","protocol":"http","host":["{{server_ms}}"],"path":["titan","ticket","cancel"]}},"response":[]},{"name":"Amend Ticket","id":"29199b8b-29bc-4742-bfeb-8f3b58a940d4","protocolProfileBehavior":{"disableBodyPruning":true},"request":{"auth":{"type":"bearer","bearer":[{"key":"token","value":"eyJhbGciOiJIUzI1NiIsInR5cCI6IkpXVCJ9.eyJ1c2VybmFtZSI6ImVzYiIsImlhdCI6MTU5MjMwMDA5MiwiZXhwIjoxNTkyMzkwMDkyfQ.uSSB7uYu2ewG40q2z0zOmjuzmA_QyWG9zV9-8w85yPY","type":"string"}]},"method":"POST","header":[{"key":"Content-Type","name":"Content-Type","value":"application/json","type":"text"}],"body":{"mode":"raw","raw":"{\n    \"channelIdentifier\": {\n        \"salesChannelCode\": \"Call\",\n        \"agentCode\": \"D085\",\n        \"campaignCode\": \"default\",\n        \"agentUser\": \"dparker\",\n        \"partnerCode\": \"NX\"\n    },\n    \"amendRequest\": {\n        \"ticketNumber\": \"E3A98228\",\n        \"journeyType\": \"S\",\n        \"outboundChanged\": true,\n        \"inboundChanged\": false,\n        \"fareRequestID\": \"8fce3a53-3a15-432f-b15d-a8c235759d68\",\n        \"fare\": {\n            \"netPrice\": 1730,\n            \"type\": \"CST\",\n            \"outBoundJourneySideFare\": 2500,\n            \"inBoundJourneySideFare\": 0,\n            \"overrideReasonCode\": null,\n            \"oldFare\": 0,\n            \"overrideDescription\": null,\n            \"newFare\": 0\n        },\n        \"legs\": [\n            {\n                \"legDirection\": \"O\",\n                \"fromLocation\": \"41065\",\n                \"toLocation\": \"57286\",\n                \"fromStop\": \"A\",\n                \"toStop\": \"A\",\n                \"companyBrandId\": \"FK\",\n                \"serviceNumber\": \"200\",\n                \"serviceDirection\": \"O\",\n                \"flightCode\": \"GA\",\n                \"flightStartDateTime\": \"2020-07-29 06:10:00\",\n                \"departureDateTime\": \"2020-07-29 06:10:00\",\n                \"checkInDateTime\": \"2020-07-29 06:10:00\",\n                \"arrivalDateTime\": \"2020-07-29 08:35:00\",\n                \"gdTriggerLevel\": 0,\n                \"fareType\": \"CST\",\n                \"couponFareValue\": 0,\n                \"actualFareValue\": 0,\n                \"throughFareLeg\": null,\n                \"specialFareId\": null,\n                \"bookingReference\": \"KPRJ\",\n                \"attractionId\": null,\n                \"failCode\": null,\n                \"customerInfoId\": null\n            },\n            {\n                \"legDirection\": \"O\",\n                \"fromLocation\": \"57286\",\n                \"toLocation\": \"57366\",\n                \"fromStop\": \"A\",\n                \"toStop\": \"L\",\n                \"companyBrandId\": \"NX\",\n                \"serviceNumber\": \"033\",\n                \"serviceDirection\": \"I\",\n                \"flightCode\": \"KA\",\n                \"flightStartDateTime\": \"2020-07-29 06:40:00\",\n                \"departureDateTime\": \"2020-07-29 09:10:00\",\n                \"checkInDateTime\": \"2020-07-29 09:10:00\",\n                \"arrivalDateTime\": \"2020-07-29 10:20:00\",\n                \"gdTriggerLevel\": 0,\n                \"fareType\": \"CST\",\n                \"couponFareValue\": 0,\n                \"actualFareValue\": 0,\n                \"throughFareLeg\": null,\n                \"specialFareId\": null,\n                \"bookingReference\": \"VDCZ\",\n                \"attractionId\": null,\n                \"failCode\": null,\n                \"customerInfoId\": null\n            }\n        ],\n        \"leadPassenger\": {\n            \"title\": \"Unkno\",\n            \"firstName\": \"hillary\",\n            \"surname\": \"hill\",\n            \"telephone\": \"1234677665\",\n            \"postOutConsent\": null,\n            \"emailConsent\": \"false\",\n            \"telephoneConsent\": \"false\",\n            \"address\": {\n                \"address1\": \"Legal & General Assurance Society Ltd\",\n                \"address2\": \"PO Box 1429\",\n                \"address3\": \"\",\n                \"town\": \"BIRMINGHAM\",\n                \"county\": null,\n                \"postcode\": \"B5 4UT\",\n                \"country\": null,\n                \"addressTypeId\": 0\n            }\n        },\n        \"distributionDetails\": {\n            \"distributionType\": \"E Ticket\",\n            \"email\": \"daniel.parker@nationalexpress.com\",\n            \"mTicketPhone\": null,\n            \"collectionLocation\": null,\n            \"postalAddress\": null\n        },\n        \"passengers\": [\n            {\n                \"type\": \"AD\"\n            }\n        ],\n        \"addons\": [\n            {\n                \"sku\": \"B06B001\",\n                \"itemValue\": 500,\n                \"itemQuantity\": 1,\n                \"serial\": null,\n                \"validFrom\": null,\n                \"validTo\": null,\n                \"overrideReasonCode\": null,\n                \"oldFare\": 0,\n                \"overrideDescription\": null,\n                \"newFare\": 0\n            }\n        ],\n        \"paymentDetails\": {\n            \"paymentValue\": 2230,\n            \"paymentType\": \"Card\",\n            \"cardPayment\": {\n                \"paymentProviderTransactionId\": \"8815922992243018\",\n                \"cardType\": \"visa\",\n                \"paymentProvider\": \"Barclays\",\n                \"merchantId\": null,\n                \"terminald\": null,\n                \"authorisationCode\": null,\n                \"last4Digits\": null,\n                \"transactionId\": null\n            },\n            \"billingAddress\": {\n                \"address1\": \"Legal & General Assurance Society Ltd\",\n                \"address2\": \"PO Box 1429\",\n                \"address3\": \"\",\n                \"town\": \"BIRMINGHAM\",\n                \"county\": null,\n                \"postcode\": \"B5 4UT\",\n                \"country\": null,\n                \"addressTypeId\": 0\n            }\n        },\n        \"coachcards\": null,\n        \"outboundSeats\": [],\n        \"inboundSeats\": [],\n        \"amendabilityOverrideDescription\": null,\n        \"amendabilityOverrideCode\": null\n    }\n}","options":{"raw":{"language":"json"}}},"url":{"raw":"http://{{server_ms}}/ticketsApi/amend","protocol":"http","host":["{{server_ms}}"],"path":["ticketsApi","amend"]}},"response":[]},{"name":"Refund Ticket","id":"95fd77c0-5401-4b5e-90e1-c9df360cffea","protocolProfileBehavior":{"disableBodyPruning":true},"request":{"auth":{"type":"basic","basic":[{"key":"username","value":"administrator","type":"string"},{"key":"password","value":"manage","type":"string"}]},"method":"POST","header":[{"key":"Content-Type","name":"Content-Type","type":"text","value":"application/json"}],"body":{"mode":"raw","raw":"{\n    \"ticketNumber\": \"E2JD4428\",\n    \"refund\": {\n        \"refundItems\": [\n            {\n                \"productSKU\": \"H05H036\",\n                \"refundValue\": 200,\n                \"quantity\": 1,\n                \"paymentReference\": \"11F788132C8290117\"\n            },\n            {\n                \"productSKU\": \"B04B004\",\n                \"refundValue\": 100,\n                \"quantity\": 1,\n                \"paymentReference\": \"11F788132C8290117\"\n            },\n            {\n                \"productSKU\": \"H42H241\",\n                \"refundValue\": 100,\n                \"quantity\": 1,\n                \"paymentReference\": \"8815909030139944\"\n            }\n        ],\n        \"refundPayments\": [\n            {\n                \"originalPaymentId\": 66462978,\n                \"paymentType\": \"PayPal\",\n                \"currencyType\": \"GBP\",\n                \"paymentValue\": 300,\n                \"foreignPaymentValue\": 0,\n                \"merchantAccount\": \"NationalExpressMOTO\",\n                \"paymentProvider\": \"PayPal\",\n                \"uniqueTransactionReference\": \"3SG144086H708161G\",\n                \"transactionLabel\": \"E2JD4428\"\n            },\n            {\n                \"originalPaymentId\": 66462979,\n                \"paymentType\": \"Card\",\n                \"currencyType\": \"GBP\",\n                \"paymentValue\": 100,\n                \"foreignPaymentValue\": 0,\n                \"merchantAccount\": \"NationalExpressMOTO\",\n                \"paymentProvider\": \"Barclays\",\n                \"uniqueTransactionReference\": \"8815910810836808\",\n                \"transactionLabel\": \"E2JD4428\"\n            }\n        ],\n        \"refundPrice\": 400,\n        \"inboundSideFare\": 0,\n        \"outboundSideFare\": 0,\n        \"overrideReasonCode\": \"A\",\n        \"overrideDescription\": \"test\"\n    },\n    \"salesChannel\": \"Call\",\n    \"agentCode\": \"D085\",\n    \"agentUser\": \"kashikar\"\n}","options":{"raw":{"language":"json"}}},"url":{"raw":"http://dc1restsapp02v/titan/ticket/refund","protocol":"http","host":["dc1restsapp02v"],"path":["titan","ticket","refund"]}},"response":[]},{"name":"Validate","id":"ef76a9fd-6762-46cc-a964-852eacdd3489","protocolProfileBehavior":{"disableBodyPruning":true},"request":{"auth":{"type":"basic","basic":[{"key":"username","value":"administrator","type":"string"},{"key":"password","value":"manage","type":"string"}]},"method":"POST","header":[{"key":"Content-Type","name":"Content-Type","type":"text","value":"application/json"}],"body":{"mode":"raw","raw":"{\n\"ticketSerial\":\"E2JD3833\",\n\"returnDepartureDate\":\"2020-01-07 14:35:00\"\n}"},"url":{"raw":"http://dc1restsapp02v/titan/ticket/validate-openreturn","protocol":"http","host":["dc1restsapp02v"],"path":["titan","ticket","validate-openreturn"]}},"response":[]},{"name":"http://dc1restsapp02v/titan/ticket/U2000321","id":"2bd50c05-9f69-478a-9fd9-39903170d125","protocolProfileBehavior":{"disableBodyPruning":true},"request":{"auth":{"type":"basic","basic":[{"key":"password","value":"manage","type":"string"},{"key":"username","value":"Administrator","type":"string"}]},"method":"GET","header":[],"url":{"raw":"http://dc1restsapp02v/titan/ticket/U2000321","protocol":"http","host":["dc1restsapp02v"],"path":["titan","ticket","U2000321"]}},"response":[]},{"name":"Get Refund Details","id":"54e0b22a-a890-4562-aebd-c78471654d50","protocolProfileBehavior":{"disableBodyPruning":true},"request":{"auth":{"type":"basic","basic":[{"key":"password","value":"manage","type":"string"},{"key":"username","value":"Administrator","type":"string"}]},"method":"GET","header":[],"url":{"raw":"http://BCSRESDVAPP03V/titan/ticket/refund-details/E3A98112","protocol":"http","host":["BCSRESDVAPP03V"],"path":["titan","ticket","refund-details","E3A98112"]}},"response":[]},{"name":"reserveTicket","id":"8e7aadee-2084-4092-809f-06883f7b4b6d","protocolProfileBehavior":{"disableBodyPruning":true},"request":{"auth":{"type":"basic","basic":[{"key":"password","value":"manage","type":"string"},{"key":"username","value":"Administrator","type":"string"}]},"method":"POST","header":[],"body":{"mode":"raw","raw":"{\r\n    \"salesChannel\": \"Call\",\r\n    \"agentCode\": \"D085\",\r\n    \"campaignCode\": \"default\",\r\n    \"agentUser\": \"cweaver\",\r\n    \"partnerCode\": \"NX\",\r\n    \"ticketNumber\": \"U2001586\",\r\n    \"journeyType\": \"S\",\r\n    \"fareRequestID\": \"bacc62d6-f636-48cc-9249-6a04bbacde10\",\r\n    \"fare\": {\r\n        \"netPrice\": 2200,\r\n        \"type\": \"CFL\",\r\n        \"outBoundJourneySideFare\": 2200,\r\n        \"inBoundJourneySideFare\": 0,\r\n        \"overrideReasonCode\": null,\r\n        \"oldFare\": null,\r\n        \"overrideDescription\": null,\r\n        \"newFare\": null\r\n    },\r\n    \"legs\": [\r\n        {\r\n            \"legDirection\": \"O\",\r\n            \"fromLocation\": \"57366\",\r\n            \"toLocation\": \"33023\",\r\n            \"fromStop\": \"A\",\r\n            \"toStop\": \"A\",\r\n            \"companyBrandId\": \"NX\",\r\n            \"serviceNumber\": \"400\",\r\n            \"serviceDirection\": \"O\",\r\n            \"flightCode\": \"BA\",\r\n            \"flightStartDateTime\": \"2020-12-29 07:30:00\",\r\n            \"departureDateTime\": \"2020-12-29 07:30:00\",\r\n            \"checkInDateTime\": \"2020-12-29 07:30:00\",\r\n            \"arrivalDateTime\": \"2020-12-29 10:35:00\",\r\n            \"gdTriggerLevel\": 0,\r\n            \"fareType\": \"CFL\",\r\n            \"couponFareValue\": 0,\r\n            \"actualFareValue\": 0,\r\n            \"throughFareLeg\": null,\r\n            \"specialFareId\": null,\r\n            \"bookingReference\": \"HJKL\",\r\n            \"attractionId\": null,\r\n            \"failCode\": null,\r\n            \"customerInfoId\": null\r\n        }\r\n    ],\r\n    \"leadPassenger\": {\r\n        \"title\": \"Ms\",\r\n        \"firstName\": \"kinnal\",\r\n        \"surname\": \"parmar\",\r\n        \"telephone\": \"\",\r\n        \"postOutConsent\": null,\r\n        \"emailConsent\": \"true\",\r\n        \"telephoneConsent\": \"false\",\r\n        \"address\": {\r\n            \"address1\": \"1 Alkington\",\r\n            \"address2\": \"WHITCHURCH\",\r\n            \"address3\": \"Shropshire\",\r\n            \"town\": \"WHITCHURCH\",\r\n            \"county\": null,\r\n            \"postcode\": \"SY133NF\",\r\n            \"country\": null,\r\n            \"addressTypeId\": 0\r\n        }\r\n    },\r\n    \"distributionDetails\": {\r\n        \"distributionType\": \"E Ticket\",\r\n        \"email\": \"kinnal.parmar@nationalexpress.com\",\r\n        \"mTicketPhone\": null,\r\n        \"collectionLocation\": null,\r\n        \"postalAddress\": null\r\n    },\r\n    \"passengers\": [\r\n        {\r\n            \"type\": \"AD\"\r\n        }\r\n    ],\r\n    \"addons\": [\r\n        {\r\n            \"sku\": \"B02B002\",\r\n            \"itemValue\": 250,\r\n            \"itemQuantity\": 1,\r\n            \"serial\": null,\r\n            \"validFrom\": null,\r\n            \"validTo\": null,\r\n            \"overrideReasonCode\": null,\r\n            \"oldFare\": 0,\r\n            \"overrideDescription\": null,\r\n            \"newFare\": 0\r\n        },\r\n        {\r\n            \"sku\": \"H42H242\",\r\n            \"itemValue\": 0,\r\n            \"itemQuantity\": 1,\r\n            \"serial\": null,\r\n            \"validFrom\": null,\r\n            \"validTo\": null,\r\n            \"overrideReasonCode\": null,\r\n            \"oldFare\": 0,\r\n            \"overrideDescription\": null,\r\n            \"newFare\": 0\r\n        }\r\n    ],\r\n    \"paymentDetails\": {\r\n        \"paymentValue\": 2450,\r\n        \"paymentType\": \"Card\",\r\n        \"cardPayment\": {\r\n            \"paymentProviderTransactionId\": \"8816080400106688\",\r\n            \"cardType\": \"mc\",\r\n            \"paymentProvider\": \"Barclays\",\r\n            \"merchantId\": null,\r\n            \"terminald\": null,\r\n            \"authorisationCode\": \"006399\",\r\n            \"last4Digits\": null,\r\n            \"transactionId\": null\r\n        },\r\n        \"billingAddress\": {\r\n            \"address1\": \"1 Alkington\",\r\n            \"address2\": \"WHITCHURCH\",\r\n            \"address3\": \"Shropshire\",\r\n            \"town\": \"WHITCHURCH\",\r\n            \"county\": null,\r\n            \"postcode\": \"SY133NF\",\r\n            \"country\": null,\r\n            \"addressTypeId\": 0\r\n        }\r\n    },\r\n    \"coachcards\": [],\r\n    \"outboundSeats\": [],\r\n    \"inboundSeats\": [],\r\n    \"discounts\": [],\r\n    \"languageCode\": \"EN\"\r\n}","options":{"raw":{"language":"json"}}},"url":{"raw":"http://10.251.114.37/titan/ticket/reserve","protocol":"http","host":["10","251","114","37"],"path":["titan","ticket","reserve"]}},"response":[]},{"name":"Product Purchase","id":"0d2ec690-4506-4b25-a290-9ef70fbc6f2d","protocolProfileBehavior":{"disableBodyPruning":true},"request":{"auth":{"type":"basic","basic":[{"key":"password","value":"manage","type":"string"},{"key":"username","value":"Administrator","type":"string"}]},"method":"POST","header":[],"body":{"mode":"raw","raw":"{\r\n    \"channelIdentifier\": {\r\n        \"salesChannelCode\": \"Call\",\r\n        \"agentCode\": \"D085\",\r\n        \"campaignCode\": \"default\",\r\n        \"agentUser\": \"RChauhan\",\r\n        \"partnerCode\": \"NX\"\r\n    },\r\n    \"otherProductPurchaseRequest\": {\r\n        \"campaignCode\": \"default\",\r\n        \"ticketNumber\": \"T4JD4284\",\r\n        \"leadPassenger\": {\r\n            \"title\": \"Unkno\",\r\n            \"firstName\": \"urvashi\",\r\n            \"surname\": \"parmar\",\r\n            \"telephone\": \"\",\r\n            \"postOutConsent\": null,\r\n            \"emailConsent\": \"false\",\r\n            \"telephoneConsent\": \"false\",\r\n            \"address\": {\r\n                \"address1\": \"Changan Uk R & D Centre Ltd\",\r\n                \"address2\": \"Unit 3500, Parkside\",\r\n                \"address3\": \"\",\r\n                \"town\": \"BIRMINGHAM\",\r\n                \"county\": null,\r\n                \"postcode\": \"B37 7YG\",\r\n                \"country\": null,\r\n                \"addressTypeId\": 0\r\n            }\r\n        },\r\n        \"distributionDetails\": {\r\n            \"distributionType\": \"Local Post Out\",\r\n            \"email\": \"urvashi.parmar@nationalexpress.com\",\r\n            \"mTicketPhone\": null,\r\n            \"collectionLocation\": null,\r\n            \"postalAddress\": null\r\n        },\r\n        \"passengers\": [\r\n            {\r\n                \"type\": \"AD\"\r\n            }\r\n        ],\r\n        \"addons\": [\r\n            {\r\n                \"sku\": \"B06B005\",\r\n                \"itemValue\": 600,\r\n                \"itemQuantity\": 1,\r\n                \"serial\": null,\r\n                \"validFrom\": null,\r\n                \"validTo\": null,\r\n                \"overrideReasonCode\": null,\r\n                \"oldFare\": 0,\r\n                \"overrideDescription\": null,\r\n                \"newFare\": 0\r\n            }\r\n        ],\r\n        \"paymentDetails\": {\r\n            \"paymentValue\": 1610,\r\n            \"paymentType\": \"Card\",\r\n            \"cardPayment\": {\r\n                \"paymentProviderTransactionId\": \"8515dss277845689or92\",\r\n                \"cardType\": \"visa\",\r\n                \"paymentProvider\": \"Barclays\",\r\n                \"merchantId\": null,\r\n                \"terminald\": null,\r\n                \"authorisationCode\": null,\r\n                \"last4Digits\": null,\r\n                \"transactionId\": null\r\n            },\r\n            \"billingAddress\": {\r\n                \"address1\": \"Changan Uk R & D Centre Ltd\",\r\n                \"address2\": \"Unit 3500, Parkside\",\r\n                \"address3\": \"\",\r\n                \"town\": \"BIRMINGHAM\",\r\n                \"county\": null,\r\n                \"postcode\": \"B37 7YG\",\r\n                \"country\": null,\r\n                \"addressTypeId\": 0\r\n            }\r\n        },\r\n        \"coachcards\": [\r\n            {\r\n                \"type\": \"CF\",\r\n                \"serialNumber\": \"1C456325\"\r\n            },\r\n            {\r\n                \"type\": \"ST\",\r\n                \"serialNumber\": \"1C456326\"\r\n            }\r\n        ],\r\n        \"fees\": [\r\n            {\r\n                \"sku\": \"B06B005\",\r\n                \"itemValue\": 600,\r\n                \"itemQuantity\": 1,\r\n                \"serial\": null,\r\n                \"validFrom\": null,\r\n                \"validTo\": null,\r\n                \"overrideReasonCode\": null,\r\n                \"oldFare\": 0,\r\n                \"overrideDescription\": null,\r\n                \"newFare\": 0\r\n            }\r\n        ]\r\n    }\r\n}","options":{"raw":{"language":"json"}}},"url":{"raw":"http://10.251.114.37/titan/product/purchase","protocol":"http","host":["10","251","114","37"],"path":["titan","product","purchase"]}},"response":[]}]}