{"info":{"_postman_id":"9f630d57-b96a-472d-9f54-d31cfa910a6a","name":"Address Lookup MS","schema":"https://schema.getpostman.com/json/collection/v2.1.0/collection.json"},"item":[{"name":"Address Lookup","id":"ccc3aa8b-a557-4abe-992c-631d39d1e400","protocolProfileBehavior":{"disableBodyPruning":true},"request":{"method":"POST","header":[{"key":"Content-Type","name":"Content-Type","value":"application/json","type":"text"}],"body":{"mode":"raw","raw":"{\r\n  \"search\": \"123\",\r\n  \"country\": \"GB\"\r\n}"},"url":{"raw":"http://dc1restsapp02v/dataLookupApi/AddressLookup","protocol":"http","host":["dc1restsapp02v"],"path":["dataLookupApi","AddressLookup"]}},"response":[]},{"name":"Address Drilldown","id":"0e9f9699-3103-47ec-91f6-0f8463b4fbdd","protocolProfileBehavior":{"disableBodyPruning":true},"request":{"method":"POST","header":[{"key":"Content-Type","name":"Content-Type","value":"application/json","type":"text"}],"body":{"mode":"raw","raw":"{\r\n  \"id\": \"PC0tzJJh9gLdwNjRJ+6dkHew\",\r\n  \"country\": \"GB\"\r\n}"},"url":{"raw":"http://dc1restsapp02v/dataLookupApi/AddressDrilldown","protocol":"http","host":["dc1restsapp02v"],"path":["dataLookupApi","AddressDrilldown"]}},"response":[]},{"name":"Address Retrieve","id":"c36c3c90-0d59-497e-bf3a-ade4227fcc2d","protocolProfileBehavior":{"disableBodyPruning":true},"request":{"method":"POST","header":[{"key":"Content-Type","name":"Content-Type","type":"text","value":"application/json"}],"body":{"mode":"raw","raw":"{\r\n  \"id\": \"PC0tzJJh9gLdwNjRJ+6dkHew\",\r\n  \"country\": \"GB\"\r\n}"},"url":{"raw":"http://dc1restsapp02v/dataLookupApi/AddressRetrieve","protocol":"http","host":["dc1restsapp02v"],"path":["dataLookupApi","AddressRetrieve"]}},"response":[]}]}