{"info":{"_postman_id":"9fd4a8ea-dfc1-41b4-9b14-dc35b1fe3821","name":"Email Validate","schema":"https://schema.getpostman.com/json/collection/v2.1.0/collection.json"},"item":[{"name":"Validate EMail","id":"c6fb5080-2513-48d2-b269-d2671a934ca0","protocolProfileBehavior":{"disableBodyPruning":true},"request":{"auth":{"type":"bearer","bearer":[{"key":"token","value":"eyJhbGciOiJIUzI1NiIsInR5cCI6IkpXVCJ9.eyJ1c2VybmFtZSI6ImVzYiIsImlhdCI6MTYwNzQwMzUyOSwiZXhwIjoxNjA3NDkzNTI5fQ.l5KtUjUJKeKdNonR5dD7j9rJj_Xn0UAp07RZVJEU9J8","type":"string"}]},"method":"POST","header":[],"body":{"mode":"raw","raw":"{\r\n        \"email\": \"bhavesh.kashikar@nationalexpress.com\",\r\n        \"level\": \"Address\"\r\n    }","options":{"raw":{"language":"json"}}},"url":{"raw":"http://{{server_ms}}/emailValidationApi/validate","protocol":"http","host":["{{server_ms}}"],"path":["emailValidationApi","validate"]}},"response":[]}]}