{"info":{"_postman_id":"b52dd98a-f317-4bdf-a23f-14450705b11f","name":"Azure","schema":"https://schema.getpostman.com/json/collection/v2.1.0/collection.json"},"item":[{"name":"Azure Function","id":"e5604899-b2ec-431e-a6cc-165043e53cbd","protocolProfileBehavior":{"disableBodyPruning":true},"request":{"method":"POST","header":[],"body":{"mode":"raw","raw":"{\r\n    \"name\": \"John Doe\"\r\n}","options":{"raw":{"language":"json"}}},"url":{"raw":"https://bhaveshfunctionapp.azurewebsites.net/api/HttpTrigger1?code=tkykndvQAzwumduIBSJIhtOFA06UavZ94GjJ7NZmf18CGYjlMxxxwA==","protocol":"https","host":["bhaveshfunctionapp","azurewebsites","net"],"path":["api","HttpTrigger1"],"query":[{"key":"code","value":"tkykndvQAzwumduIBSJIhtOFA06UavZ94GjJ7NZmf18CGYjlMxxxwA=="}]}},"response":[]}]}