{"info":{"_postman_id":"c916ce82-2353-457f-94ec-0871d33333e4","name":"SLS","schema":"https://schema.getpostman.com/json/collection/v2.1.0/collection.json"},"item":[{"name":"Get Layout","id":"e5a7767e-98a1-4312-b21f-2818b6512a41","protocolProfileBehavior":{"disableBodyPruning":true},"request":{"auth":{"type":"basic","basic":[{"key":"username","value":"Administrator","type":"string"},{"key":"password","value":"manage","type":"string"}]},"method":"POST","header":[{"key":"Content-Type","name":"Content-Type","value":"application/json","type":"text"}],"body":{"mode":"raw","raw":"{ \"channelIdentifier\": {\n            \"salesChannelCode\": \"Call\",\n            \"agentCode\": \"D085\",\n            \"agentUser\": \"kashikar\",\n            \"partnerCode\": \"NX\",\n            \"campaignCode\": \"DEFAULT\"\n        },\n    \"layoutId\": \"DPR\",\n    \"direction\": \"inbound\",\n    \"journeyId\": \"NTczNjZ8MzMwMjN8MjAyMDA3MDFUMDEwMDAwfENTVHwxNC42MHwwfDE0LjYwfEJBTlgyMTE\"\n}","options":{"raw":{"language":"json"}}},"url":{"raw":"http://bcsesbdvint02v.uk.nex.global:5555/restv2/retail/Seats/Allocated-Layout","protocol":"http","host":["bcsesbdvint02v","uk","nex","global"],"port":"5555","path":["restv2","retail","Seats","Allocated-Layout"]}},"response":[]},{"name":"Get Layout Copy","id":"68b40062-ddc2-4c7b-8636-5dece48a3bb5","protocolProfileBehavior":{"disableBodyPruning":true},"request":{"auth":{"type":"basic","basic":[{"key":"username","value":"Administrator","type":"string"},{"key":"password","value":"manage","type":"string"}]},"method":"POST","header":[{"key":"Content-Type","name":"Content-Type","value":"application/json","type":"text"}],"body":{"mode":"raw","raw":"{\n    \"fromLocation\": \"57366\",\n    \"toLocation\": \"41065\",\n    \"departureDate\": \"2020-08-08\",\n    \"departureTime\": \"11:00:00\",\n    \"direction\": \"outbound\",\n    \"flight\": {\n        \"serviceNumber\": \"040\",\n        \"brand\": \"SH\",\n        \"serviceDirection\": \"O\",\n        \"flightCode\": \"AC\",\n        \"flightStartDate\":\"2020-08-08\",\n        \"flightStartTime\":\"11:00:00\"\n    }\n}","options":{"raw":{"language":"json"}}},"url":{"raw":"http://dc1restsapp02v/sas/layout/journey","protocol":"http","host":["dc1restsapp02v"],"path":["sas","layout","journey"]}},"response":[]},{"name":"Auth","id":"a0599357-d4c2-4a4f-9efe-4759c8421e34","protocolProfileBehavior":{"disableBodyPruning":true},"request":{"auth":{"type":"noauth"},"method":"POST","header":[{"key":"Content-Type","name":"Content-Type","value":"application/json","type":"text"}],"body":{"mode":"raw","raw":"{\r\n   \"username\": \"esb\",\r\n   \"password\": \"3sbUser!\"\r\n}","options":{"raw":{"language":"json"}}},"url":{"raw":"http://dc1restsapp02v/sls/auth","protocol":"http","host":["dc1restsapp02v"],"path":["sls","auth"]}},"response":[]},{"name":"http://{{server_ms}}/sas/layout/journey","id":"dfef69f9-1974-4385-bd57-47dc272ac6aa","protocolProfileBehavior":{"disableBodyPruning":true},"request":{"auth":{"type":"basic","basic":[{"key":"password","value":"manage","type":"string"},{"key":"username","value":"Administrator","type":"string"}]},"method":"POST","header":[],"body":{"mode":"raw","raw":"{\r\n\t\"fromLocation\": \"33023\",\r\n\t\"toLocation\": \"57366\",\r\n\t\"departureDate\": \"2021-01-15\",\r\n\t\"departureTime\": \"03:00:00\",\r\n\t\"direction\": \"outbound\",\r\n\t\"flight\": {\r\n\t\t\"serviceNumber\": \"422\",\r\n\t\t\"brand\": \"NX\",\r\n\t\t\"serviceDirection\": \"I\",\r\n\t\t\"flightCode\": \"NA\",\r\n\t\t\"flightStartDate\": \"2021-01-14\",\r\n\t\t\"flightStartTime\": \"23:50:00\"\r\n\t}\r\n}","options":{"raw":{"language":"json"}}},"url":{"raw":"http://{{server_ms}}/sas/layout/journey","protocol":"http","host":["{{server_ms}}"],"path":["sas","layout","journey"]}},"response":[]}]}