{"info":{"_postman_id":"c98cbbd7-fdf8-4a34-800e-e6bb56f17fe3","name":"CMS","schema":"https://schema.getpostman.com/json/collection/v2.1.0/collection.json"},"item":[{"name":"CMS data","id":"d00e0bc6-70d2-4dec-a459-bba18b086c58","protocolProfileBehavior":{"disableBodyPruning":true},"request":{"auth":{"type":"basic","basic":[{"key":"password","value":"manage","type":"string"},{"key":"username","value":"Administrator","type":"string"}]},"method":"POST","header":[],"body":{"mode":"raw","raw":"{\r\n    \"channelIdentifier\": {\r\n        \"salesChannelCode\": \"Web\",\r\n        \"agentCode\": \"NXDSK\",\r\n        \"agentUser\": \"webDTU\",\r\n        \"partnerCode\": \"NX\",\r\n        \"campaignCode\": \"DEFAULT\"\r\n    },\r\n    \"productKeys\": [\r\n        \"H05H036\",\r\n        \"H03H181\",\r\n        \"H27H200\",\r\n        \"H27H201\"\r\n    ],\r\n    \"languageCode\": \"en\"\r\n}","options":{"raw":{"language":"json"}}},"url":{"raw":"http://{{server_ms}}/cms/product/content","protocol":"http","host":["{{server_ms}}"],"path":["cms","product","content"]}},"response":[]}]}