{"info":{"_postman_id":"cbe228c0-3569-49a7-b0fa-8aab1be4f337","name":"ReferenceList MS","schema":"https://schema.getpostman.com/json/collection/v2.1.0/collection.json"},"item":[{"name":"Get Message","id":"528df2a6-8447-4883-8284-b20cb3e9a955","protocolProfileBehavior":{"disableBodyPruning":true},"request":{"auth":{"type":"bearer","bearer":[{"key":"token","value":"eyJhbGciOiJIUzI1NiIsInR5cCI6IkpXVCJ9.eyJ1c2VybmFtZSI6ImVzYiIsImlhdCI6MTYxNjY2OTAyNiwiZXhwIjoxNjE2NzU5MDI2fQ.NIFheD9SvhBOT-TGeYh-OodPpdiJ9D9V-GjH2h4m-2k","type":"string"}]},"method":"GET","header":[{"key":"Content-Type","name":"Content-Type","value":"application/json","type":"text"}],"url":{"raw":"http://{{server_ms}}/reference/message/nxtV","protocol":"http","host":["{{server_ms}}"],"path":["reference","message","nxtV"]}},"response":[]},{"name":"Override Reason","id":"79a3dee8-b5c2-48f5-b47d-393a3e8f92a1","protocolProfileBehavior":{"disableBodyPruning":true},"request":{"auth":{"type":"bearer","bearer":[{"key":"token","value":"eyJhbGciOiJIUzI1NiIsInR5cCI6IkpXVCJ9.eyJ1c2VybmFtZSI6ImVzYiIsImlhdCI6MTU5MzAwMjM2MSwiZXhwIjoxNTkzMDkyMzYxfQ.99wwkwFKprQ9ws8f0fnxnEiuRNHCzPhGmvZhpkOlbG0","type":"string"}]},"method":"GET","header":[{"key":"Content-Type","name":"Content-Type","value":"application/json","type":"text"}],"url":{"raw":"http://{{node_server_ms}}/reference/override-reasons","protocol":"http","host":["{{node_server_ms}}"],"path":["reference","override-reasons"]}},"response":[]},{"name":"Auth","id":"000e514d-9066-4d40-bd3e-4e74f809b1a7","protocolProfileBehavior":{"disableBodyPruning":true},"request":{"auth":{"type":"noauth"},"method":"POST","header":[{"key":"Content-Type","name":"Content-Type","type":"text","value":"application/json"}],"body":{"mode":"raw","raw":"{\r\n   \"username\": \"esb\",\r\n   \"password\": \"3sbUser!\"\r\n}"},"url":{"raw":"http://{{server_ms}}/ticketsApi/auth","protocol":"http","host":["{{server_ms}}"],"path":["ticketsApi","auth"]}},"response":[]}]}