{"info":{"_postman_id":"ce76d12a-6155-4847-aada-37c3ac8ffce6","name":"Product MS","schema":"https://schema.getpostman.com/json/collection/v2.1.0/collection.json"},"item":[{"name":"Get StandBy Product COre","id":"e1e879ee-17e3-4e32-a4fa-43cb5047641f","protocolProfileBehavior":{"disableBodyPruning":true},"request":{"auth":{"type":"bearer","bearer":[{"key":"token","value":"eyJhbGciOiJIUzI1NiIsInR5cCI6IkpXVCJ9.eyJ1c2VybmFtZSI6ImVzYiIsImlhdCI6MTYwNjgwOTQ5OSwiZXhwIjoxNjA2ODk5NDk5fQ.b6r7d3w-X23LAjVcooG-jVQCpz0Y4UhK5bYlHFSxCWg","type":"string"}]},"method":"POST","header":[{"key":"Content-Type","name":"Content-Type","value":"application/json","type":"text"}],"body":{"mode":"raw","raw":"{\n    \"fareType\": \"CST\",\n    \"journeyType\": \"return\",\n    \"transactionType\": \"amendment\",\n    \"partnerIdentifier\": {\n        \"partnerCode\": \"NX\",\n        \"campaignCode\": \"DEFAULT\"\n    },\n    \"channelIdentifier\": {\n        \"salesChannelCode\": \"Web\",\n        \"agentCode\": \"NXDSK\",\n        \"agentUser\": \"webDTU\",\n        \"partnerCode\": \"NX\",\n        \"campaignCode\": \"DEFAULT\"\n    },\n    \"passengerSummary\": {\n        \"domesticAdults\": 1,\n        \"domesticSeniors\": 1,\n        \"domesticDisabled\": 0,\n        \"domesticChildren\": 0,\n        \"domesticInfants\": 0,\n        \"europeanAdults\": 0,\n        \"europeanSeniors\": 0,\n        \"europeanYoungPersons\": 0,\n        \"europeanChildren\": 0\n    },\n    \"coachCardSummary\": {\n        \"disabled\": 0,\n        \"seniorCitizens\": 0,\n        \"youngPersons\": 0,\n        \"family1plus1\": 0,\n        \"family2plus2\": 0\n    },\n    \"outboundJourney\": {\n        \"legs\": [\n            {\n                \"departure\": {\n                    \"locationId\": \"57286\",\n                    \"stopId\": \"A\",\n                    \"stopDescription\": null,\n                    \"departureTime\": \"2020-04-04T04:50:00\",\n                    \"locationName\": null,\n                    \"checkinTime\": \"2020-03-04T04:50:00\"\n                },\n                \"flight\": {\n                    \"departureTime\": \"2020-04-04T02:00:00\",\n                    \"flightCode\": \"UF\",\n                    \"brand\": \"NX\",\n                    \"flightEndDate\": \"2020-04-08T00:00:00\",\n                    \"outbound\": false,\n                    \"flightStartDate\": \"2020-02-10T00:00:00\",\n                    \"dow\": 28,\n                    \"service\": \"444\",\n                    \"connectionRuleBreaker\": false\n                },\n                \"arrival\": {\n                    \"stopId\": \"L\",\n                    \"locationId\": \"57366\",\n                    \"locationName\": null,\n                    \"arrivalTime\": \"2020-04-04T05:25:00\",\n                    \"stopDescription\": null\n                }\n            }\n        ]\n    },\n    \"inboundJourney\": {\n        \"legs\": [\n            {\n                \"arrival\": {\n                    \"stopDescription\": null,\n                    \"stopId\": \"A\",\n                    \"locationName\": null,\n                    \"locationId\": \"33023\",\n                    \"arrivalTime\": \"2020-04-05T04:30:00\"\n                },\n                \"departure\": {\n                    \"stopId\": \"A\",\n                    \"stopDescription\": null,\n                    \"checkinTime\": \"2020-04-05T01:45:00\",\n                    \"departureTime\": \"2020-04-05T01:45:00\",\n                    \"locationName\": null,\n                    \"locationId\": \"57286\"\n                },\n                \"flight\": {\n                    \"dow\": 127,\n                    \"service\": \"211\",\n                    \"outbound\": false,\n                    \"departureTime\": \"2020-04-05T01:00:00\",\n                    \"flightCode\": \"BA\",\n                    \"flightStartDate\": \"2020-02-10T00:00:00\",\n                    \"brand\": \"NX\",\n                    \"flightEndDate\": \"2020-04-28T00:00:00\",\n                    \"connectionRuleBreaker\": false\n                }\n            }\n        ]\n    }\n}","options":{"raw":{"language":"json"}}},"url":{"raw":"http://{{server_ms}}/product-catalogue/supplemental/distribution","protocol":"http","host":["{{server_ms}}"],"path":["product-catalogue","supplemental","distribution"]}},"response":[]},{"name":"Get StandBy Product COre Copy","id":"67290d42-f86c-4c19-929c-c8a310ecd8cc","protocolProfileBehavior":{"disableBodyPruning":true},"request":{"auth":{"type":"bearer","bearer":[{"key":"token","value":"eyJhbGciOiJIUzI1NiIsInR5cCI6IkpXVCJ9.c.EbNwhvo0NiLzSYXD97TmNMX155Q4RG-43K16xVNON9U","type":"string"}]},"method":"GET","header":[],"url":{"raw":"http://{{server_ms}}/product-catalogue/supplemental/core","protocol":"http","host":["{{server_ms}}"],"path":["product-catalogue","supplemental","core"]}},"response":[]},{"name":"Get StandBy Product List","id":"b90a5799-8bad-4db4-ae75-6a2c86344501","protocolProfileBehavior":{"disableBodyPruning":true},"request":{"auth":{"type":"bearer","bearer":[{"key":"token","value":"eyJhbGciOiJIUzI1NiIsInR5cCI6IkpXVCJ9.eyJ1c2VybmFtZSI6ImVzYiIsImlhdCI6MTU5MDQ3NDEyMiwiZXhwIjoxNTkwNTY0MTIyfQ.u5rR-uuH7nyaQik3IXTf-ZVmWqNh8B5iWmA1vFy9u6k","type":"string"}]},"method":"POST","header":[{"key":"Content-Type","name":"Content-Type","value":"application/json","type":"text"}],"body":{"mode":"raw","raw":"{\r\n  \"locationId\": \"54174\"\r\n}","options":{"raw":{"language":"json"}}},"url":{"raw":"http://{{server_ms}}/product-catalogue/supplimental/core","protocol":"http","host":["{{server_ms}}"],"path":["product-catalogue","supplimental","core"]}},"response":[]},{"name":"Get StandBy Product","id":"ce40dc21-167b-4184-b9ba-dc6a67431735","protocolProfileBehavior":{"disableBodyPruning":true},"request":{"auth":{"type":"bearer","bearer":[{"key":"token","value":"eyJhbGciOiJIUzI1NiIsInR5cCI6IkpXVCJ9.eyJ1c2VybmFtZSI6ImVzYiIsImlhdCI6MTYxNjM4NTk1NSwiZXhwIjoxNjE2NDc1OTU1fQ.qRgqkHpgzdbt9kS0NbggzXbWbhoVl17O9NEnQ36Ytmg","type":"string"}]},"method":"POST","header":[{"key":"Content-Type","name":"Content-Type","value":"application/json","type":"text"}],"body":{"mode":"raw","raw":"{\r\n    \"productType\": \"Coachcards (Contact Centre/Web)\",\r\n    \"productFamily\": \"Discount Cards\",\r\n    \"agent\": \"D085\"\r\n}","options":{"raw":{"language":"json"}}},"url":{"raw":"http://{{server_ms}}/product-catalogue/supplemental/products","protocol":"http","host":["{{server_ms}}"],"path":["product-catalogue","supplemental","products"]}},"response":[]},{"name":"Get StandBy Product By SKU","id":"9294177f-9ad4-4ee2-b088-139d84eafd08","protocolProfileBehavior":{"disableBodyPruning":true},"request":{"auth":{"type":"bearer","bearer":[{"key":"token","value":"eyJhbGciOiJIUzI1NiIsInR5cCI6IkpXVCJ9.eyJ1c2VybmFtZSI6ImVzYiIsImlhdCI6MTYxNTQ2NzEwNCwiZXhwIjoxNjE1NTU3MTA0fQ.wy2Z6SzQ_3Bp18mi2LDbpXu3ftfqd61ePZcnFugNGTQ","type":"string"}]},"method":"POST","header":[{"key":"Content-Type","name":"Content-Type","value":"application/json","type":"text"}],"body":{"mode":"raw","raw":"{\r\n    \"sku\": \"B02B002\"\r\n}","options":{"raw":{"language":"json"}}},"url":{"raw":"http://{{server_ms}}/product-catalogue/supplemental/product/details","protocol":"http","host":["{{server_ms}}"],"path":["product-catalogue","supplemental","product","details"]}},"response":[]}]}