{"info":{"_postman_id":"d83adfbb-983c-4d55-ba92-f1bc0338f9fb","name":"Refund Decision MS","schema":"https://schema.getpostman.com/json/collection/v2.1.0/collection.json"},"item":[{"name":"Refund Ticket","id":"e712f57a-98dc-4cc8-be02-35072c8b4f8c","protocolProfileBehavior":{"disableBodyPruning":true},"request":{"auth":{"type":"bearer","bearer":[{"key":"token","value":"eyJhbGciOiJIUzI1NiIsInR5cCI6IkpXVCJ9.eyJ1c2VybmFtZSI6ImVzYiIsImlhdCI6MTU5MTY4MzA2MiwiZXhwIjoxNTkxNzczMDYyfQ.jgYB2UUymUaoy0zm2N0I_S7UOpgVHEEEYL7a2-0sfNY","type":"string"}]},"method":"POST","header":[{"key":"Content-Type","name":"Content-Type","type":"text","value":"application/json"}],"body":{"mode":"raw","raw":"{\n    \"currencyType\": \"GBP\",\n    \"amount\": 1,\n    \"merchantAccount\": \"NationalExpressCOM\",\n    \"paymentProvider\": \"PayPal\",\n    \"pspReference\": \"4GJ65433WK541561C\",\n    \"transactionReference\": \"E3A98112\"\n}","options":{"raw":{"language":"json"}}},"url":{"raw":"http://{{server_ms}}/refund-decision/refund/process","protocol":"http","host":["{{server_ms}}"],"path":["refund-decision","refund","process"]}},"response":[]},{"name":"Refund Ticket Copy","id":"7849aa0c-19b3-4d52-bbcc-e46c4c65b85e","protocolProfileBehavior":{"disableBodyPruning":true},"request":{"auth":{"type":"bearer","bearer":[{"key":"token","value":"eyJhbGciOiJIUzI1NiIsInR5cCI6IkpXVCJ9.eyJ1c2VybmFtZSI6ImVzYiIsImlhdCI6MTU5MTE2Njg5NywiZXhwIjoxNTkxMjU2ODk3fQ.Z6nbYvpN6RgTWwPTvC0NmZYcqoZdsKJFeZqWPcPrwXE","type":"string"}]},"method":"POST","header":[{"key":"Content-Type","name":"Content-Type","type":"text","value":"application/json"}],"body":{"mode":"raw","raw":"{\n    \"currencyType\": \"GBP\",\n    \"amount\": 200,\n    \"merchantAccount\": \"NationalExpressMOTO\",\n    \"paymentProvider\": \"Barclays\",\n    \"pspReference\": \"3ER99093NK2805351\",\n    \"transactionReference\": \"E2JD3768\"\n} ","options":{"raw":{"language":"json"}}},"url":{"raw":"http://{{server_ms}}/refund-decision/refund/process","protocol":"http","host":["{{server_ms}}"],"path":["refund-decision","refund","process"]}},"response":[]},{"name":"refund-rule","id":"74a62e6b-0bab-4622-8682-d84f46934bd3","protocolProfileBehavior":{"disableBodyPruning":true},"request":{"auth":{"type":"bearer","bearer":[{"key":"token","value":"eyJhbGciOiJIUzI1NiIsInR5cCI6IkpXVCJ9.eyJ1c2VybmFtZSI6ImVzYiIsImlhdCI6MTU5MTY4MzA2MiwiZXhwIjoxNTkxNzczMDYyfQ.jgYB2UUymUaoy0zm2N0I_S7UOpgVHEEEYL7a2-0sfNY","type":"string"}]},"method":"POST","header":[{"key":"Content-Type","name":"Content-Type","type":"text","value":"application/json"}],"body":{"mode":"raw","raw":"{\r\n    \"channelIdentifier\": {\r\n      \"salesChannelCode\": \"Web\",\r\n      \"agentCode\": \"NXHQ\",\r\n      \"campaignCode\": \"default\",\r\n      \"agentUser\": \"WebESB\",\r\n      \"partnerCode\": \"NX\"\r\n    },\r\n    \"ticketSerial\": \"E2A98112\",\r\n    \"outboundSelected\": true,\r\n    \"inboundSelected\": false,\r\n    \"selectedProducts\": []\r\n  }","options":{"raw":{"language":"json"}}},"url":{"raw":"http://{{server_ms}}/refund-decision/getRefundRule","protocol":"http","host":["{{server_ms}}"],"path":["refund-decision","getRefundRule"]}},"response":[]},{"name":"refund Ticket details","id":"564d9ad3-a059-498f-93b6-0e397185bae8","protocolProfileBehavior":{"disableBodyPruning":true},"request":{"auth":{"type":"bearer","bearer":[{"key":"token","value":"eyJhbGciOiJIUzI1NiIsInR5cCI6IkpXVCJ9.eyJ1c2VybmFtZSI6ImVzYiIsImlhdCI6MTU5NTgyOTI1NSwiZXhwIjoxNTk1OTE5MjU1fQ.rfDz0pNVMO-RcPdLzwGYM9RffgfBHf599Do4g3s7Rgk","type":"string"}]},"method":"GET","header":[{"key":"Content-Type","name":"Content-Type","type":"text","value":"application/json"}],"body":{"mode":"raw","raw":"{\r\n    \"channelIdentifier\": {\r\n      \"salesChannelCode\": \"Web\",\r\n      \"agentCode\": \"NXHQ\",\r\n      \"campaignCode\": \"default\",\r\n      \"agentUser\": \"WebESB\",\r\n      \"partnerCode\": \"NX\"\r\n    },\r\n    \"ticketSerial\": \"U2000195\",\r\n    \"outboundSelected\": true,\r\n    \"inboundSelected\": true,\r\n    \"selectedProducts\": []\r\n  }","options":{"raw":{"language":"json"}}},"url":{"raw":"http://10.251.120.231/refund-decision/getRefundTicketDetails/EUGLV038","protocol":"http","host":["10","251","120","231"],"path":["refund-decision","getRefundTicketDetails","EUGLV038"]}},"response":[]}]}