{"info":{"_postman_id":"dba362ea-4af7-4622-a033-567a9eb1213b","name":"Product Gateway","schema":"https://schema.getpostman.com/json/collection/v2.1.0/collection.json"},"item":[{"name":"http://{{server_ms}}/products/productsWithCMSData","id":"ebc7589b-3cb8-427c-b62b-ff94345e26c8","protocolProfileBehavior":{"disableBodyPruning":true},"request":{"auth":{"type":"basic","basic":[{"key":"password","value":"manage","type":"string"},{"key":"username","value":"Administrator","type":"string"}]},"method":"POST","header":[],"body":{"mode":"raw","raw":"{\r\n    \"fareType\": \"CFL\",\r\n    \"journeyType\": \"return\",\r\n    \"transactionType\": \"reservation\",\r\n    \"partnerIdentifier\": {\r\n        \"partnerCode\": \"NX\",\r\n        \"campaignCode\": \"default\"\r\n    },\r\n    \"channelIdentifier\": {\r\n        \"salesChannelCode\": \"Call\",\r\n        \"agentCode\": \"D085\",\r\n        \"campaignCode\": \"default\",\r\n        \"agentUser\": \"kashikar\",\r\n        \"partnerCode\": \"NX\"\r\n    },\r\n    \"passengerSummary\": {\r\n        \"domesticAdults\": 1,\r\n        \"domesticSeniors\": 0,\r\n        \"domesticDisabled\": 0,\r\n        \"domesticChildren\": 0,\r\n        \"domesticInfants\": 0,\r\n        \"europeanAdults\": 0,\r\n        \"europeanSeniors\": 0,\r\n        \"europeanYoungPersons\": 0,\r\n        \"europeanChildren\": 0\r\n    },\r\n    \"coachCardSummary\": {\r\n        \"disabled\": 0,\r\n        \"seniorCitizens\": 0,\r\n        \"youngPersons\": 0\r\n    },\r\n    \"outboundJourney\": {\r\n        \"legs\": [\r\n            {\r\n                \"departure\": {\r\n                    \"locationId\": \"41065\",\r\n                    \"locationName\": \"Bristol\",\r\n                    \"checkinTime\": \"2021-04-14T11:00:00\",\r\n                    \"departureTime\": \"2021-04-14T11:00:00\",\r\n                    \"stopId\": \"A\",\r\n                    \"stopDescription\": \"Bus & Coach Stn, Marlborough St,\"\r\n                },\r\n                \"arrival\": {\r\n                    \"locationId\": \"57366\",\r\n                    \"locationName\": \"London\",\r\n                    \"arrivalTime\": \"2021-04-14T13:40:00\",\r\n                    \"stopId\": \"L\",\r\n                    \"stopDescription\": \", Victoria Coach Stn, Arrivals Hall\"\r\n                },\r\n                \"flight\": {\r\n                    \"flightCode\": \"GD\",\r\n                    \"departureTime\": \"2021-04-14T11:00:00\",\r\n                    \"brand\": \"NX\",\r\n                    \"service\": \"040\",\r\n                    \"outbound\": false,\r\n                    \"flightStartDate\": \"2021-03-29T00:00:00\",\r\n                    \"flightEndDate\": \"2021-10-24T00:00:00\",\r\n                    \"dow\": 127,\r\n                    \"connectionRuleBreaker\": false\r\n                }\r\n            }\r\n        ]\r\n    },\r\n    \"inboundJourney\": {\r\n        \"legs\": [\r\n            {\r\n                \"departure\": {\r\n                    \"locationId\": \"57366\",\r\n                    \"locationName\": \"London\",\r\n                    \"checkinTime\": \"2021-04-21T21:00:00\",\r\n                    \"departureTime\": \"2021-04-21T21:00:00\",\r\n                    \"stopId\": \"A\",\r\n                    \"stopDescription\": \", Victoria Coach Stn, Departures Hall\"\r\n                },\r\n                \"arrival\": {\r\n                    \"locationId\": \"41065\",\r\n                    \"locationName\": \"Bristol\",\r\n                    \"arrivalTime\": \"2021-04-21T23:30:00\",\r\n                    \"stopId\": \"A\",\r\n                    \"stopDescription\": \"Bus & Coach Stn, Marlborough St,\"\r\n                },\r\n                \"flight\": {\r\n                    \"flightCode\": \"GK\",\r\n                    \"departureTime\": \"2021-04-21T21:00:00\",\r\n                    \"brand\": \"NX\",\r\n                    \"service\": \"040\",\r\n                    \"outbound\": true,\r\n                    \"flightStartDate\": \"2021-03-29T00:00:00\",\r\n                    \"flightEndDate\": \"2021-10-24T00:00:00\",\r\n                    \"dow\": 127,\r\n                    \"connectionRuleBreaker\": false\r\n                }\r\n            }\r\n        ]\r\n    },\r\n    \"journeyInfo\": {\r\n        \"fromLocation\": \"41065\",\r\n        \"toLocation\": \"57366\"\r\n    }\r\n}","options":{"raw":{"language":"json"}}},"url":{"raw":"http://{{server_ms}}/products/productsWithCMSData","protocol":"http","host":["{{server_ms}}"],"path":["products","productsWithCMSData"]}},"response":[]}]}