{"info":{"_postman_id":"e3e411fa-1f63-4bcf-bedf-ea53c64bf980","name":"Ticket Note","schema":"https://schema.getpostman.com/json/collection/v2.1.0/collection.json"},"item":[{"name":"Delete TicketNorte","id":"05db2315-3182-4772-abed-f006a76f7204","protocolProfileBehavior":{"disableBodyPruning":true},"request":{"auth":{"type":"bearer","bearer":[{"key":"token","value":"eyJhbGciOiJIUzI1NiIsInR5cCI6IkpXVCJ9.eyJ1c2VybmFtZSI6ImVzYiIsImlhdCI6MTU3MzkxOTU5MywiZXhwIjoxNTc0MDA5NTkzfQ.Q9lL_L7q4kcGWNlAffAGBqbEv_rUyej6_cGWLCqBpUU","type":"string"}]},"method":"POST","header":[{"key":"Content-Type","name":"Content-Type","value":"application/json","type":"text"}],"body":{"mode":"raw","raw":"{\n\t\"channelIdentifier\": {\n\t\t\"salesChannelCode\": \"Web\",\n\t\t\"agentCode\": \"D085\",\n\t\t\"campaignCode\": \"default\",\n\t\t\"agentUser\": \"sys\",\n\t\t\"partnerCode\": \"NX\"\n\t},\n\t\"Id\": 17\n}"},"url":{"raw":"http://dc1restsapp02v/noteApi/ticket/delete","protocol":"http","host":["dc1restsapp02v"],"path":["noteApi","ticket","delete"]}},"response":[]},{"name":"Add Driver Note","id":"fd7caa53-4899-4fb3-9c99-23ca2de10f57","protocolProfileBehavior":{"disableBodyPruning":true},"request":{"auth":{"type":"bearer","bearer":[{"key":"token","value":"eyJhbGciOiJIUzI1NiIsInR5cCI6IkpXVCJ9.eyJ1c2VybmFtZSI6ImVzYiIsImlhdCI6MTU5MTY4MzA2MiwiZXhwIjoxNTkxNzczMDYyfQ.jgYB2UUymUaoy0zm2N0I_S7UOpgVHEEEYL7a2-0sfNY","type":"string"}]},"method":"POST","header":[{"key":"Content-Type","name":"Content-Type","type":"text","value":"application/json"}],"body":{"mode":"raw","raw":"{\r\n    \"driverNotes\": [\r\n        {\r\n            \"agentID\": \"D085\",\r\n            \"serviceNumber\": \"550\",\r\n            \"serviceDirection\": \"O\",\r\n            \"flightCode\": \"ZB\",\r\n            \"departureDateTime\": \"2020-10-29T14:00:00+00:00\",\r\n            \"driverNote\": \"(ipainter)  - test test from LONDON Victoria Coach Stn to BIRMINGHAM  - This is a tet notw\"\r\n        }\r\n    ]\r\n}","options":{"raw":{"language":"json"}}},"url":{"raw":"http://{{node_1}}/noteApi/ticket/","protocol":"http","host":["{{node_1}}"],"path":["noteApi","ticket",""]}},"response":[]},{"name":"Add Ticket Note","id":"0a465ccc-8b91-48bf-bd59-fd7813a8c6ef","protocolProfileBehavior":{"disableBodyPruning":true},"request":{"auth":{"type":"bearer","bearer":[{"key":"token","value":"eyJhbGciOiJIUzI1NiIsInR5cCI6IkpXVCJ9.eyJ1c2VybmFtZSI6ImVzYiIsImlhdCI6MTYxMjk0ODY2NSwiZXhwIjoxNjEzMDM4NjY1fQ.JGxWsjSYMkgzWFIgemIImM89fca02z92Si37Qk2lV-k","type":"string"}]},"method":"POST","header":[{"key":"Content-Type","name":"Content-Type","type":"text","value":"application/json"}],"body":{"mode":"raw","raw":"{\r\n    \"ticketSerial\": \"E2JD4323\",\r\n    \"agentCode\": \"D085\",\r\n    \"agentUser\": \"kashikar\",\r\n    \"note\": \"This is test\"\r\n}","options":{"raw":{"language":"json"}}},"url":{"raw":"http://{{node_server_ms}}:3035/noteApi/ticket/insert","protocol":"http","host":["{{node_server_ms}}"],"port":"3035","path":["noteApi","ticket","insert"]}},"response":[]},{"name":"Get Driver Note","id":"de0ae4f1-0a0f-4046-9dfa-c2b2a1c29660","protocolProfileBehavior":{"disableBodyPruning":true},"request":{"auth":{"type":"bearer","bearer":[{"key":"token","value":"eyJhbGciOiJIUzI1NiIsInR5cCI6IkpXVCJ9.eyJ1c2VybmFtZSI6ImVzYiIsImlhdCI6MTU5OTc5MTkwMCwiZXhwIjoxNTk5ODgxOTAwfQ.wu-NsCL-hVpUXs-7EtGEIIESG3L6UIczd0EQ6Fkx4n0","type":"string"}]},"method":"POST","header":[{"key":"Content-Type","name":"Content-Type","value":"application/json","type":"text"}],"body":{"mode":"raw","raw":"{\n    \"agentID\": \"D085\",\n    \"serviceNumber\": \"550\",\n    \"serviceDirection\": \"I\",\n    \"flightCode\": \"ZH\",\n    \"departureDateTime\": \"2020-11-12T17:20:00\"\n}","options":{"raw":{"language":"json"}}},"url":{"raw":"http://{{server_ms}}/noteApi/driver/get","protocol":"http","host":["{{server_ms}}"],"path":["noteApi","driver","get"]}},"response":[]},{"name":"Get Ticket Note","id":"6e7c2a9b-7136-433f-ae7f-58e32de93312","protocolProfileBehavior":{"disableBodyPruning":true},"request":{"auth":{"type":"bearer","bearer":[{"key":"token","value":"eyJhbGciOiJIUzI1NiIsInR5cCI6IkpXVCJ9.eyJ1c2VybmFtZSI6ImVzYiIsImlhdCI6MTYwNzA3MjgzOSwiZXhwIjoxNjA3MTYyODM5fQ.2E_T4KBjVoIInwIXFAixct96L6rgSnHjdlhOS_ViNuk","type":"string"}]},"method":"POST","header":[{"key":"Content-Type","name":"Content-Type","value":"application/json","type":"text"}],"body":{"mode":"raw","raw":"{\n\t\"ticketSerial\": \"E2JD4728\"\n}","options":{"raw":{"language":"json"}}},"url":{"raw":"http://{{server_ms}}:3035/noteApi/ticket/get","protocol":"http","host":["{{server_ms}}"],"port":"3035","path":["noteApi","ticket","get"]}},"response":[]},{"name":"http://{{server_ms}}/sls/availability","id":"88531576-70b5-44ad-9499-03ec9d8882c6","protocolProfileBehavior":{"disableBodyPruning":true},"request":{"method":"POST","header":[],"url":{"raw":"http://{{server_ms}}/sls/availability","protocol":"http","host":["{{server_ms}}"],"path":["sls","availability"]}},"response":[]}]}